{"cameraMode":{"drawMode":0,"name":"Shaded","section":"Shading Mode"},"sceneLighting":true,"audioPlay":false,"sceneViewState":{"m_AlwaysRefresh":false,"showFog":true,"showSkybox":true,"showFlares":true,"showImageEffects":true,"showParticleSystems":true,"showVisualEffectGraphs":true,"m_FxEnabled":true},"in2DMode":false,"pivot":{"x":2.1615757942199709,"y":3.1272947788238527,"z":-0.6252284049987793},"rotation":{"x":0.13876214623451234,"y":0.5347120761871338,"z":-0.08953052014112473,"w":0.8287421464920044},"size":7.535821914672852,"orthographic":false}